song_id,valence,arousal,label
795,0.15,0.3125,sad
1226,0.3625,0.35,sad
521,0.35,0.45,sad
851,0.5,0.425,sad
1841,0.45,0.2625,sad
1935,0.4625,0.425,sad
1774,0.4875,0.475,sad
1203,0.375,0.3,sad
1428,0.4625,0.3125,sad
186,0.3375,0.375,sad
1166,0.45,0.2875,sad
747,0.325,0.4875,sad
823,0.475,0.475,sad
745,0.4,0.075,sad
1768,0.3875,0.2625,sad
1712,0.425,0.2375,sad
1462,0.475,0.3625,sad
1811,0.45,0.4625,sad
652,0.275,0.4125,sad
585,0.375,0.4,sad
279,0.325,0.4625,sad
1178,0.4875,0.4375,sad
1909,0.4875,0.5,sad
144,0.3,0.4625,sad
773,0.4375,0.4625,sad
445,0.175,0.45,sad
170,0.25,0.5,sad
1429,0.25,0.1625,sad
834,0.4625,0.4125,sad
1984,0.3375,0.2375,sad
1104,0.4,0.425,sad
1550,0.475,0.3375,sad
1001,0.425,0.35,sad
1490,0.35,0.2625,sad
1696,0.35,0.2875,sad
1164,0.325,0.2625,sad
826,0.375,0.4625,sad
454,0.5,0.475,sad
1225,0.3,0.45,sad
1497,0.425,0.325,sad
392,0.3,0.475,sad
1136,0.4375,0.3,sad
204,0.325,0.15,sad
1957,0.475,0.475,sad
1781,0.4,0.2125,sad
1709,0.375,0.35,sad
492,0.425,0.475,sad
247,0.3625,0.4375,sad
299,0.225,0.4125,sad
661,0.15,0.225,sad
195,0.4,0.2125,sad
711,0.2375,0.2625,sad
776,0.3125,0.4375,sad
1028,0.4375,0.475,sad
47,0.425,0.425,sad
1681,0.5,0.3125,sad
1487,0.4125,0.175,sad
1891,0.5,0.3125,sad
227,0.2625,0.3125,sad
1153,0.3625,0.1875,sad
499,0.325,0.325,sad
1625,0.4875,0.425,sad
379,0.1125,0.2375,sad
196,0.4125,0.4375,sad
1837,0.4,0.2375,sad
1965,0.2875,0.3125,sad
190,0.225,0.2625,sad
638,0.275,0.425,sad
1027,0.45,0.35,sad
106,0.45,0.2875,sad
1555,0.425,0.2375,sad
1943,0.4,0.425,sad
58,0.2875,0.3,sad
1764,0.4875,0.375,sad
1332,0.1875,0.1625,sad
1486,0.3375,0.2375,sad
1797,0.325,0.3875,sad
525,0.4125,0.475,sad
1818,0.4125,0.275,sad
341,0.35,0.425,sad
1113,0.3,0.25,sad
1013,0.275,0.3125,sad
746,0.3375,0.45,sad
1990,0.4,0.3875,sad
579,0.2625,0.275,sad
1492,0.2875,0.225,sad
1031,0.475,0.5,sad
301,0.275,0.3375,sad
1043,0.4875,0.5,sad
485,0.2,0.3375,sad
1432,0.3375,0.2,sad
967,0.225,0.425,sad
1142,0.275,0.1375,sad
1872,0.4375,0.4,sad
1109,0.4,0.175,sad
1444,0.45,0.2625,sad
1128,0.3375,0.2125,sad
8,0.275,0.475,sad
361,0.19375,0.295,sad
310,0.1375,0.2125,sad
229,0.475,0.475,sad
478,0.225,0.275,sad
1370,0.4125,0.3875,sad
1456,0.4125,0.15,sad
164,0.3875,0.2375,sad
1539,0.425,0.4625,sad
359,0.1875,0.3375,sad
1809,0.375,0.3875,sad
1803,0.3875,0.325,sad
1145,0.4625,0.175,sad
223,0.15,0.3125,sad
518,0.3875,0.3,sad
735,0.4125,0.4875,sad
540,0.3875,0.425,sad
913,0.475,0.2875,sad
1604,0.4375,0.325,sad
1056,0.4,0.5,sad
1702,0.3875,0.3625,sad
451,0.4875,0.425,sad
1721,0.4,0.2375,sad
1706,0.4875,0.375,sad
1737,0.325,0.325,sad
1417,0.45,0.175,sad
1801,0.3,0.225,sad
850,0.325,0.2625,sad
616,0.3125,0.5,sad
1421,0.4,0.275,sad
1607,0.4375,0.25,sad
146,0.175,0.3125,sad
422,0.225,0.3375,sad
1460,0.475,0.3625,sad
218,0.2375,0.375,sad
1184,0.4,0.1625,sad
124,0.3375,0.225,sad
737,0.3875,0.4875,sad
1407,0.325,0.35,sad
78,0.3,0.3625,sad
684,0.4125,0.4875,sad
1096,0.35,0.325,sad
1545,0.475,0.475,sad
220,0.3875,0.3,sad
269,0.4125,0.475,sad
233,0.4625,0.4375,sad
1182,0.2125,0.15,sad
1654,0.475,0.2625,sad
1029,0.3625,0.4375,sad
215,0.275,0.2,sad
419,0.2875,0.375,sad
730,0.3375,0.4375,sad
1455,0.3875,0.4,sad
316,0.225,0.3125,sad
1430,0.45,0.275,sad
1286,0.35,0.25,sad
708,0.275,0.275,sad
733,0.4125,0.5,sad
1833,0.4375,0.275,sad
1925,0.4875,0.4375,sad
1037,0.5,0.425,sad
1481,0.3625,0.3375,sad
1733,0.35,0.2875,sad
1628,0.4625,0.475,sad
1751,0.3875,0.4125,sad
498,0.2375,0.225,sad
1045,0.425,0.2625,sad
1408,0.4,0.5,sad
1736,0.4625,0.2625,sad
109,0.425,0.4375,sad
522,0.3125,0.2125,sad
537,0.5,0.2,sad
560,0.2375,0.45,sad
1500,0.35,0.275,sad
70,0.425,0.325,sad
1593,0.4625,0.3125,sad
1345,0.4375,0.2375,sad
1121,0.3625,0.1625,sad
101,0.3,0.225,sad
171,0.1375,0.325,sad
140,0.4,0.4375,sad
370,0.35,0.3,sad
656,0.2,0.3875,sad
1820,0.4375,0.425,sad
1899,0.5,0.3875,sad
1780,0.475,0.3125,sad
615,0.275,0.5,sad
1149,0.375,0.2,sad
841,0.4,0.4625,sad
608,0.2375,0.35,sad
258,0.4125,0.4125,sad
219,0.175,0.35,sad
1438,0.325,0.2375,sad
1498,0.475,0.35,sad
1244,0.45,0.3375,sad
222,0.35,0.4125,sad
166,0.2625,0.4,sad
1412,0.45,0.275,sad
168,0.2875,0.3,sad
272,0.6125,0.675,happy
882,0.5375,0.525,happy
1600,0.575,0.575,happy
648,0.5125,0.725,happy
1323,0.5625,0.5,happy
1716,0.6,0.55,happy
1813,0.6375,0.5875,happy
1097,0.5625,0.55,happy
1325,0.6125,0.6,happy
1703,0.5375,0.7125,happy
399,0.7125,0.75,happy
387,0.65,0.65,happy
1574,0.6125,0.55,happy
610,0.6625,0.6875,happy
472,0.6875,0.525,happy
1322,0.6875,0.5625,happy
296,0.6125,0.5875,happy
1817,0.7,0.625,happy
1544,0.675,0.55,happy
1033,0.5375,0.575,happy
1140,0.6125,0.55,happy
427,0.525,0.6,happy
1827,0.575,0.7125,happy
954,0.5125,0.5625,happy
1282,0.725,0.675,happy
1239,0.6625,0.7125,happy
42,0.6375,0.5125,happy
432,0.5375,0.5375,happy
4,0.5875,0.5625,happy
1848,0.5625,0.5,happy
1008,0.625,0.55,happy
1274,0.625,0.55,happy
264,0.5375,0.5625,happy
1639,0.5375,0.5375,happy
1474,0.7,0.675,happy
519,0.725,0.5375,happy
961,0.575,0.5625,happy
777,0.65,0.5125,happy
1400,0.575,0.6,happy
586,0.525,0.6125,happy
1346,0.6875,0.575,happy
1263,0.6,0.5125,happy
592,0.55625,0.51125,happy
866,0.6,0.5125,happy
1353,0.5375,0.675,happy
306,0.5875,0.7125,happy
1689,0.7625,0.675,happy
459,0.6625,0.6375,happy
731,0.7875,0.6,happy
1030,0.5875,0.525,happy
1298,0.7375,0.575,happy
1955,0.5625,0.6875,happy
475,0.575,0.5,happy
1684,0.5125,0.5,happy
1507,0.5625,0.5875,happy
1613,0.65,0.7,happy
1051,0.525,0.5375,happy
464,0.5125,0.575,happy
1386,0.6125,0.5,happy
1088,0.7875,0.7,happy
941,0.775,0.6125,happy
1842,0.6,0.6625,happy
1052,0.5625,0.7,happy
1231,0.5625,0.6875,happy
1511,0.5625,0.575,happy
416,0.5625,0.525,happy
1700,0.575,0.5,happy
88,0.7125,0.5625,happy
1284,0.6625,0.7,happy
635,0.7,0.825,happy
1609,0.675,0.6875,happy
1517,0.625,0.5,happy
397,0.75,0.75,happy
1971,0.5625,0.5625,happy
1513,0.6375,0.6625,happy
307,0.6375,0.725,happy
1629,0.675,0.6625,happy
455,0.55,0.5875,happy
1371,0.5875,0.55,happy
1403,0.575,0.5125,happy
1581,0.6875,0.6375,happy
1620,0.6625,0.5875,happy
1256,0.5875,0.5625,happy
276,0.6375,0.5375,happy
879,0.575,0.625,happy
1630,0.625,0.55,happy
1093,0.6,0.625,happy
1808,0.55,0.5375,happy
1864,0.6375,0.8,happy
921,0.6125,0.6375,happy
693,0.65,0.5375,happy
831,0.525,0.65,happy
1831,0.65,0.575,happy
732,0.575,0.6625,happy
105,0.6875,0.5,happy
1846,0.6,0.6,happy
1221,0.55,0.5375,happy
83,0.6375,0.6,happy
1025,0.5125,0.6375,happy
199,0.5375,0.5875,happy
796,0.525,0.5125,happy
724,0.625,0.6375,happy
111,0.5375,0.5375,happy
1348,0.6,0.6625,happy
354,0.7625,0.675,happy
1622,0.625,0.6125,happy
440,0.5375,0.6625,happy
1157,0.7375,0.6375,happy
473,0.7625,0.5625,happy
886,0.6125,0.55,happy
1079,0.7375,0.575,happy
994,0.7,0.5375,happy
1673,0.6375,0.6125,happy
653,0.5375,0.6875,happy
959,0.65,0.675,happy
1250,0.75,0.8,happy
364,0.5625,0.6875,happy
1828,0.6,0.7,happy
302,0.7,0.75,happy
1342,0.6875,0.675,happy
1575,0.525,0.5125,happy
591,0.5875,0.65,happy
1998,0.675,0.65,happy
1912,0.55,0.5625,happy
365,0.625,0.7625,happy
289,0.5875,0.7125,happy
981,0.7125,0.7,happy
224,0.5625,0.5875,happy
970,0.7,0.7,happy
1695,0.5875,0.575,happy
1375,0.575,0.575,happy
996,0.625,0.7125,happy
1621,0.6375,0.625,happy
1853,0.6875,0.5875,happy
1954,0.7125,0.5875,happy
1551,0.575,0.55,happy
1564,0.6375,0.675,happy
1796,0.6,0.625,happy
1635,0.725,0.6375,happy
1844,0.6375,0.5625,happy
1559,0.6,0.525,happy
1543,0.6375,0.55,happy
577,0.575,0.5625,happy
1388,0.725,0.85,happy
1626,0.6375,0.625,happy
676,0.7,0.7,happy
431,0.6375,0.5625,happy
1987,0.6875,0.6625,happy
339,0.6125,0.7375,happy
903,0.6125,0.575,happy
1520,0.5375,0.5375,happy
1923,0.675,0.65,happy
1595,0.575,0.6125,happy
1381,0.6375,0.7625,happy
189,0.6875,0.7625,happy
651,0.675,0.7625,happy
1426,0.7,0.675,happy
12,0.5625,0.6,happy
334,0.6125,0.6125,happy
2000,0.6,0.625,happy
257,0.825,0.7375,happy
1308,0.6,0.5375,happy
934,0.65,0.675,happy
55,0.6,0.55,happy
1667,0.625,0.8125,happy
1529,0.55,0.5875,happy
134,0.55,0.625,happy
1396,0.6375,0.625,happy
1915,0.6625,0.6875,happy
744,0.6375,0.5625,happy
1824,0.65,0.5875,happy
1657,0.575,0.5875,happy
764,0.6625,0.8125,happy
710,0.55,0.5125,happy
1661,0.5875,0.6625,happy
1260,0.775,0.6875,happy
780,0.6,0.65,happy
1243,0.6,0.5875,happy
964,0.825,0.75,happy
428,0.7,0.7,happy
815,0.5625,0.6125,happy
1743,0.725,0.6875,happy
1619,0.525,0.5375,happy
887,0.5125,0.575,happy
273,0.55,0.775,happy
757,0.625,0.6375,happy
1063,0.525,0.675,happy
1292,0.575,0.525,happy
1861,0.5125,0.5,happy
1206,0.5125,0.6,happy
856,0.7125,0.575,happy
1159,0.6,0.625,happy
1376,0.75,0.7,happy
1542,0.5625,0.5625,happy
1156,0.75,0.575,happy
452,0.55625,0.71875,happy
936,0.55,0.4625,relax
1538,0.6625,0.4625,relax
1579,0.6,0.4875,relax
1765,0.6,0.45,relax
1927,0.575,0.45,relax
654,0.5125,0.425,relax
1758,0.55,0.25,relax
617,0.6875,0.25,relax
908,0.5625,0.4875,relax
650,0.625,0.4,relax
536,0.5125,0.4375,relax
1327,0.5625,0.225,relax
107,0.625,0.475,relax
1570,0.525,0.45,relax
986,0.6,0.4375,relax
1678,0.5125,0.4,relax
423,0.525,0.4375,relax
1461,0.5375,0.4,relax
1748,0.55,0.3875,relax
1606,0.575,0.4875,relax
1228,0.55,0.2875,relax
59,0.5375,0.3875,relax
1554,0.6,0.4375,relax
1826,0.5125,0.3375,relax
1523,0.7375,0.475,relax
1177,0.525,0.2875,relax
1898,0.5125,0.4,relax
1934,0.6,0.35,relax
1415,0.5875,0.4625,relax
1451,0.5125,0.475,relax
1669,0.5625,0.4875,relax
1883,0.575,0.4375,relax
1746,0.5875,0.475,relax
1466,0.6375,0.4375,relax
122,0.5625,0.45,relax
1457,0.55,0.475,relax
1779,0.5875,0.2375,relax
1329,0.5375,0.4,relax
46,0.5375,0.375,relax
1603,0.55,0.3625,relax
1836,0.575,0.45,relax
1073,0.525,0.35,relax
1854,0.525,0.4375,relax
1740,0.5375,0.4125,relax
92,0.6,0.4625,relax
1229,0.525,0.4125,relax
938,0.7875,0.4,relax
43,0.7125,0.3125,relax
977,0.7875,0.3125,relax
1402,0.575,0.1875,relax
1470,0.5125,0.275,relax
1477,0.5125,0.4375,relax
161,0.6625,0.3125,relax
1941,0.525,0.425,relax
253,0.7,0.1875,relax
1791,0.5375,0.2875,relax
1383,0.575,0.25,relax
1676,0.575,0.4875,relax
1953,0.5125,0.425,relax
1615,0.5875,0.45,relax
568,0.55,0.2625,relax
1531,0.5125,0.475,relax
1685,0.55,0.4375,relax
1077,0.675,0.475,relax
1084,0.5125,0.3,relax
1591,0.6125,0.4625,relax
1278,0.5125,0.3875,relax
1530,0.65,0.4,relax
1638,0.6125,0.3625,relax
87,0.5375,0.2,relax
748,0.5125,0.425,relax
987,0.6625,0.325,relax
1880,0.55,0.275,relax
1310,0.5125,0.425,relax
1683,0.625,0.475,relax
893,0.7875,0.2875,relax
1047,0.5375,0.425,relax
1576,0.55,0.3625,relax
1503,0.6125,0.3875,relax
973,0.6875,0.45,relax
702,0.8125,0.2875,relax
1793,0.5125,0.4,relax
845,0.5125,0.375,relax
1394,0.625,0.3875,relax
874,0.6625,0.425,relax
45,0.5125,0.1375,relax
113,0.55,0.35,relax
243,0.775,0.3875,relax
1605,0.575,0.375,relax
1773,0.55,0.3875,relax
939,0.65,0.2125,relax
1360,0.5625,0.2375,relax
1614,0.7,0.45,relax
25,0.8625,0.4625,relax
1577,0.525,0.4625,relax
1610,0.675,0.3875,relax
1516,0.575,0.4875,relax
726,0.75,0.325,relax
1537,0.6125,0.3,relax
328,0.525,0.4,relax
456,0.6375,0.1625,relax
1363,0.5125,0.325,relax
1546,0.5375,0.425,relax
1465,0.525,0.3375,relax
406,0.5375,0.4125,relax
1316,0.525,0.375,relax
1759,0.55,0.4625,relax
1725,0.525,0.425,relax
358,0.575,0.4,relax
330,0.6125,0.2625,relax
352,0.5625,0.4375,relax
1799,0.6,0.4375,relax
962,0.8,0.3,relax
24,0.5375,0.3625,relax
729,0.675,0.3125,relax
839,0.5875,0.425,relax
462,0.6,0.45,relax
1285,0.5125,0.4875,relax
1288,0.525,0.3,relax
1478,0.5125,0.3125,relax
1268,0.5375,0.3375,relax
1393,0.65,0.3875,relax
103,0.575,0.2875,relax
1355,0.6625,0.35,relax
1185,0.65,0.475,relax
1437,0.5125,0.4375,relax
71,0.6125,0.3375,relax
555,0.525,0.475,relax
1443,0.6,0.2375,relax
1003,0.5375,0.2875,relax
1730,0.5375,0.3625,relax
104,0.6375,0.2875,relax
81,0.6375,0.3625,relax
1749,0.7125,0.45,relax
19,0.6125,0.4125,relax
1039,0.6625,0.45,relax
1717,0.625,0.475,relax
1300,0.625,0.4375,relax
1687,0.5125,0.4625,relax
1442,0.5375,0.225,relax
1208,0.65,0.45,relax
1086,0.6125,0.4125,relax
437,0.525,0.4125,relax
1862,0.5125,0.4875,relax
1835,0.5375,0.275,relax
1230,0.5375,0.3375,relax
131,0.6375,0.4875,relax
1440,0.5125,0.4875,relax
374,0.75,0.4875,relax
904,0.5875,0.4,relax
1454,0.525,0.325,relax
1528,0.5625,0.45,relax
1374,0.625,0.3875,relax
1139,0.5125,0.1875,relax
1541,0.525,0.45,relax
1524,0.575,0.425,relax
1211,0.5625,0.4625,relax
317,0.6375,0.4125,relax
902,0.75,0.2875,relax
1233,0.5625,0.475,relax
1632,0.525,0.3,relax
1690,0.55,0.45,relax
1021,0.65,0.475,relax
611,0.5125,0.475,relax
1650,0.6125,0.4625,relax
1642,0.5125,0.4875,relax
1312,0.5375,0.375,relax
1714,0.6375,0.375,relax
1410,0.625,0.425,relax
1618,0.6375,0.3625,relax
980,0.6,0.4125,relax
293,0.6625,0.4,relax
1279,0.575,0.4,relax
260,0.5375,0.325,relax
300,0.725,0.4375,relax
1798,0.5875,0.375,relax
1997,0.5375,0.3625,relax
1578,0.6125,0.475,relax
1446,0.6,0.275,relax
1777,0.5375,0.425,relax
1331,0.5375,0.425,relax
782,0.775,0.4625,relax
1805,0.5875,0.4875,relax
1688,0.525,0.4625,relax
620,0.6,0.425,relax
1772,0.575,0.4125,relax
1631,0.5875,0.475,relax
1281,0.55,0.4375,relax
1387,0.6375,0.4375,relax
62,0.65,0.3625,relax
1445,0.5125,0.325,relax
631,0.825,0.2625,relax
1637,0.5625,0.325,relax
1116,0.5875,0.25,relax
380,0.575,0.475,relax
911,0.7625,0.375,relax
1985,0.475,0.575,angry
441,0.45,0.5125,angry
1969,0.3375,0.5875,angry
137,0.4125,0.6,angry
150,0.5,0.55,angry
1364,0.4125,0.65,angry
1357,0.4375,0.625,angry
17,0.425,0.625,angry
1321,0.4375,0.5875,angry
285,0.3125,0.5125,angry
376,0.5,0.6125,angry
1644,0.5,0.6125,angry
344,0.45,0.525,angry
1636,0.45,0.525,angry
1549,0.4875,0.525,angry
1946,0.375,0.625,angry
1911,0.4125,0.55,angry
1674,0.5,0.5375,angry
891,0.3,0.5625,angry
298,0.375,0.55,angry
1976,0.4875,0.55,angry
453,0.45,0.575,angry
825,0.3875,0.5875,angry
956,0.4375,0.55,angry
606,0.3875,0.575,angry
1989,0.5,0.5875,angry
308,0.4125,0.7,angry
926,0.375,0.5625,angry
127,0.25,0.5375,angry
658,0.425,0.5875,angry
348,0.5,0.5875,angry
1960,0.4375,0.7125,angry
91,0.4375,0.5625,angry
463,0.5,0.5875,angry
356,0.45,0.575,angry
799,0.3875,0.575,angry
435,0.4375,0.6125,angry
1510,0.3875,0.575,angry
1048,0.5,0.7125,angry
681,0.4875,0.7,angry
758,0.475,0.6125,angry
779,0.225,0.5375,angry
1931,0.4625,0.5625,angry
1423,0.4,0.5625,angry
362,0.375,0.6125,angry
1932,0.475,0.625,angry
598,0.375,0.575,angry
1058,0.375,0.6,angry
1547,0.375,0.6,angry
1991,0.5,0.625,angry
496,0.4625,0.6125,angry
1959,0.4625,0.6,angry
713,0.4875,0.6625,angry
1921,0.425,0.6875,angry
5,0.425,0.5375,angry
1587,0.5,0.5625,angry
52,0.45,0.5125,angry
1977,0.4625,0.525,angry
1571,0.425,0.7375,angry
915,0.5,0.525,angry
1840,0.475,0.55,angry
145,0.2625,0.55,angry
319,0.4375,0.7,angry
1561,0.5,0.625,angry
313,0.325,0.5375,angry
697,0.475,0.6,angry
1476,0.4375,0.5125,angry
1558,0.3,0.6125,angry
1616,0.475,0.5625,angry
1270,0.45,0.5375,angry
682,0.475,0.625,angry
265,0.4375,0.675,angry
1919,0.4375,0.55,angry
1276,0.475,0.5625,angry
1782,0.4625,0.525,angry
1479,0.5,0.5125,angry
1905,0.3375,0.6875,angry
1054,0.3375,0.6625,angry
1254,0.4625,0.65,angry
1788,0.325,0.625,angry
1055,0.3375,0.6625,angry
632,0.4,0.55,angry
157,0.375,0.65,angry
420,0.4375,0.55,angry
1996,0.3625,0.6125,angry
1333,0.4375,0.5875,angry
1975,0.4625,0.575,angry
985,0.3625,0.6375,angry
979,0.2625,0.5625,angry
152,0.425,0.575,angry
1362,0.425,0.55,angry
410,0.35,0.5125,angry
1928,0.3375,0.575,angry
35,0.475,0.6875,angry
784,0.4625,0.5875,angry
129,0.4,0.625,angry
1750,0.4625,0.5375,angry
1514,0.45,0.55,angry
1283,0.2875,0.525,angry
1472,0.5,0.525,angry
1902,0.425,0.7875,angry
1999,0.45,0.55,angry
312,0.45,0.6,angry
1053,0.4375,0.6625,angry
1334,0.35,0.85,angry
212,0.45,0.55,angry
1771,0.4875,0.5375,angry
789,0.3625,0.525,angry
605,0.425,0.625,angry
1305,0.4625,0.65,angry
1491,0.475,0.525,angry
1651,0.475,0.625,angry
1143,0.35,0.5125,angry
386,0.5,0.5625,angry
1512,0.35,0.525,angry
357,0.475,0.6875,angry
1874,0.5,0.6625,angry
1223,0.45,0.575,angry
1372,0.475,0.525,angry
857,0.4875,0.5375,angry
672,0.425,0.6625,angry
529,0.4625,0.6,angry
1694,0.4375,0.6375,angry
781,0.4875,0.6625,angry
349,0.45,0.6,angry
1993,0.3125,0.75,angry
479,0.4375,0.5875,angry
1907,0.4875,0.6875,angry
368,0.475,0.6375,angry
607,0.425,0.6375,angry
53,0.4125,0.5125,angry
60,0.4125,0.675,angry
288,0.3125,0.525,angry
1903,0.275,0.7375,angry
628,0.4875,0.725,angry
1881,0.5,0.525,angry
1967,0.4625,0.7375,angry
1947,0.5,0.8,angry
520,0.375,0.5625,angry
208,0.475,0.6875,angry
983,0.475,0.6625,angry
1493,0.375,0.6375,angry
1556,0.4625,0.6375,angry
216,0.4375,0.5375,angry
645,0.45,0.5875,angry
177,0.475,0.575,angry
1562,0.475,0.6625,angry
155,0.325,0.55,angry
1057,0.4625,0.7625,angry
833,0.5,0.6,angry
1986,0.375,0.5125,angry
859,0.325,0.5125,angry
1598,0.4125,0.5625,angry
1641,0.45,0.5375,angry
700,0.475,0.575,angry
114,0.475,0.5875,angry
1992,0.4875,0.725,angry
1608,0.4375,0.75,angry
527,0.375,0.5875,angry
436,0.4125,0.525,angry
925,0.4875,0.5875,angry
202,0.45,0.525,angry
1588,0.4875,0.6,angry
245,0.4,0.6375,angry
231,0.3875,0.575,angry
284,0.425,0.525,angry
1391,0.4125,0.5875,angry
668,0.5,0.5375,angry
1227,0.4625,0.5875,angry
550,0.4,0.6125,angry
712,0.3,0.5375,angry
686,0.3,0.5625,angry
1151,0.5,0.575,angry
1480,0.475,0.5375,angry
180,0.475,0.6125,angry
644,0.4125,0.575,angry
1968,0.45,0.6475,angry
347,0.3525,0.6025,angry
597,0.475,0.675,angry
41,0.4125,0.5125,angry
323,0.4775,0.59125,angry
1519,0.5,0.575,angry
1320,0.35,0.6875,angry
1235,0.4875,0.6,angry
1069,0.4125,0.575,angry
1963,0.3625,0.5625,angry
999,0.3875,0.6125,angry
1059,0.4625,0.8125,angry
1337,0.5,0.6875,angry
49,0.3625,0.5375,angry
797,0.4875,0.55,angry
634,0.4625,0.6,angry
819,0.375,0.5875,angry
1273,0.475,0.575,angry
807,0.475,0.6875,angry
1296,0.5,0.6125,angry
